{"has_child":1,"home_url":"https:\/\/ntinos-portfolio.com","root_flag":"custom","php_version":"8.2.27","mysql_version":"10.11.10","wp_version":"6.7.2","child_file":{"ntinos-portfolio.com_wpvivid-93e3c175de64c_2025-02-17-12-53_backup_db.zip":{"files":["ntinos-portfolio.com_wpvivid-93e3c175de64c_2025-02-17-12-53_backup_db.sql"],"tables":[{"name":"wp_frmt_form_reports","size":16384,"rows":"1"},{"name":"wp_wc_category_lookup","size":16384,"rows":"3"},{"name":"wp_wc_reserved_stock","size":16384,"rows":"0"},{"name":"wp_woocommerce_shipping_zone_methods","size":16384,"rows":"0"},{"name":"wp_woocommerce_shipping_zones","size":16384,"rows":"0"},{"name":"wp_actionscheduler_claims","size":32768,"rows":"0"},{"name":"wp_actionscheduler_groups","size":32768,"rows":"3"},{"name":"wp_links","size":32768,"rows":"0"},{"name":"wp_term_relationships","size":32768,"rows":"32"},{"name":"wp_wc_product_attributes_lookup","size":32768,"rows":"0"},{"name":"wp_wc_product_download_directories","size":32768,"rows":"2"},{"name":"wp_wc_rate_limits","size":32768,"rows":"0"},{"name":"wp_wc_tax_rate_classes","size":32768,"rows":"2"},{"name":"wp_wc_webhooks","size":32768,"rows":"0"},{"name":"wp_woocommerce_attribute_taxonomies","size":32768,"rows":"0"},{"name":"wp_woocommerce_log","size":32768,"rows":"0"},{"name":"wp_woocommerce_order_items","size":32768,"rows":"0"},{"name":"wp_woocommerce_payment_tokens","size":32768,"rows":"0"},{"name":"wp_woocommerce_sessions","size":32768,"rows":"2"},{"name":"wp_actionscheduler_logs","size":49152,"rows":"78"},{"name":"wp_commentmeta","size":49152,"rows":"0"},{"name":"wp_litespeed_url","size":49152,"rows":"0"},{"name":"wp_term_taxonomy","size":49152,"rows":"19"},{"name":"wp_termmeta","size":49152,"rows":"6"},{"name":"wp_terms","size":49152,"rows":"19"},{"name":"wp_usermeta","size":49152,"rows":"31"},{"name":"wp_wc_customer_lookup","size":49152,"rows":"0"},{"name":"wp_wc_download_log","size":49152,"rows":"0"},{"name":"wp_wc_order_coupon_lookup","size":49152,"rows":"0"},{"name":"wp_wc_order_operational_data","size":49152,"rows":"0"},{"name":"wp_wc_order_tax_lookup","size":49152,"rows":"0"},{"name":"wp_wc_orders_meta","size":49152,"rows":"0"},{"name":"wp_woocommerce_api_keys","size":49152,"rows":"0"},{"name":"wp_woocommerce_order_itemmeta","size":49152,"rows":"0"},{"name":"wp_woocommerce_payment_tokenmeta","size":49152,"rows":"0"},{"name":"wp_woocommerce_shipping_zone_locations","size":49152,"rows":"0"},{"name":"wp_woocommerce_tax_rate_locations","size":49152,"rows":"0"},{"name":"wp_frmt_form_entry","size":65536,"rows":"0"},{"name":"wp_frmt_form_entry_meta","size":65536,"rows":"0"},{"name":"wp_users","size":65536,"rows":"1"},{"name":"wp_wc_admin_note_actions","size":65536,"rows":"86"},{"name":"wp_wc_admin_notes","size":65536,"rows":"58"},{"name":"wp_wc_order_stats","size":65536,"rows":"0"},{"name":"wp_frmt_form_views","size":81920,"rows":"5"},{"name":"wp_wc_order_addresses","size":81920,"rows":"0"},{"name":"wp_wc_order_product_lookup","size":81920,"rows":"0"},{"name":"wp_woocommerce_downloadable_product_permissions","size":81920,"rows":"0"},{"name":"wp_woocommerce_tax_rates","size":81920,"rows":"0"},{"name":"wp_litespeed_url_file","size":98304,"rows":"0"},{"name":"wp_comments","size":114688,"rows":"1"},{"name":"wp_actionscheduler_actions","size":131072,"rows":"30"},{"name":"wp_wc_orders","size":131072,"rows":"0"},{"name":"wp_wc_product_meta_lookup","size":131072,"rows":"10"},{"name":"wp_postmeta","size":245760,"rows":"701"},{"name":"wp_posts","size":311296,"rows":"100"},{"name":"wp_options","size":2670592,"rows":"674"}],"dump_db":1,"file_type":"databases","home_url":"https:\/\/ntinos-portfolio.com","root_flag":"custom","php_version":"8.2.27","mysql_version":"10.11.10","wp_version":"6.7.2","find_zero_date":1,"file":"ntinos-portfolio.com_wpvivid-93e3c175de64c_2025-02-17-12-53_backup_db.part001.zip"},"ntinos-portfolio.com_wpvivid-93e3c175de64c_2025-02-17-12-53_backup_themes.zip":{"file_type":"themes","root_flag":"wp-content","php_version":"8.2.27","mysql_version":"10.11.10","wp_version":"6.7.2","themes":{"Portfolio-theme":{"slug":"Portfolio-theme"}},"file":"ntinos-portfolio.com_wpvivid-93e3c175de64c_2025-02-17-12-53_backup_themes.part001.zip"},"ntinos-portfolio.com_wpvivid-93e3c175de64c_2025-02-17-12-53_backup_plugin.zip":{"file_type":"plugin","root_flag":"wp-content","php_version":"8.2.27","mysql_version":"10.11.10","wp_version":"6.7.2","plugin":{"advanced-custom-fields":{"slug":"advanced-custom-fields"},"classic-editor":{"slug":"classic-editor"},"forminator":{"slug":"forminator"},"hostinger-easy-onboarding":{"slug":"hostinger-easy-onboarding"},"litespeed-cache":{"slug":"litespeed-cache"},"omnisend":{"slug":"omnisend"},"astra-sites":{"slug":"astra-sites"},"wps-hide-login":{"slug":"wps-hide-login"}},"file":"ntinos-portfolio.com_wpvivid-93e3c175de64c_2025-02-17-12-53_backup_plugin.part001.zip"},"ntinos-portfolio.com_wpvivid-93e3c175de64c_2025-02-17-12-53_backup_uploads.zip":{"file_type":"upload","root_flag":"wp-content","php_version":"8.2.27","mysql_version":"10.11.10","wp_version":"6.7.2","file":"ntinos-portfolio.com_wpvivid-93e3c175de64c_2025-02-17-12-53_backup_uploads.part001.zip"},"ntinos-portfolio.com_wpvivid-93e3c175de64c_2025-02-17-12-53_backup_content.zip":{"file_type":"wp-content","root_flag":"wp-content","php_version":"8.2.27","mysql_version":"10.11.10","wp_version":"6.7.2","file":"ntinos-portfolio.com_wpvivid-93e3c175de64c_2025-02-17-12-53_backup_content.part001.zip"},"ntinos-portfolio.com_wpvivid-93e3c175de64c_2025-02-17-12-53_backup_core.zip":{"file_type":"wp-core","include_path":["wp-includes","wp-admin"],"wp_core":1,"root_flag":"root","home_url":"https:\/\/ntinos-portfolio.com","file":"ntinos-portfolio.com_wpvivid-93e3c175de64c_2025-02-17-12-53_backup_core.part001.zip"}},"file":"ntinos-portfolio.com_wpvivid-93e3c175de64c_2025-02-17-12-53_backup_all.part001.zip"}